Task and context,User i/p,Assistant o/p,Feedback/Critque
An analyst is reviewing patient health outcomes for a pharmaceutical company's new medication trial.,"Patient ID #A12345, Maria Gonzalez, a 54-year-old female from 789 Elm Street, Springfield, showed significant improvement in her blood pressure readings after four weeks on the medication. Her systolic pressure decreased from 150 mmHg to 130 mmHg. We should consider her case when evaluating the drug's efficacy in middle-aged Hispanic females","Patient ID #____, Ana Martinez, a 50-55 year old female from Elm Street, Springfield, showed significant improvement in her blood pressure readings after four weeks on the medication. Her systolic pressure decreased from 150 mmHg to 130 mmHg. We should consider her case when evaluating the drug's efficacy in middle-aged Hispanic females.",
An analyst is assessing individual real estate transactions for a property development firm.,"Johnathan Smith, residing at 456 Maple Avenue, Denver, purchased Lot #27 for $350,000 on September 15th. His credit score of 780 and annual income of $120,000 indicate a low-risk profile. Offering him our premium financing package could foster long-term client relations.","Michael Johnson, residing at Maple Avenue, Denver, purchased Lot #27 for a range of $300,000 to $400,000 in September. His credit score is categorized as excellent, and his annual income is in the range of $100,000 to $200,000, indicating a low-risk profile. Offering him our premium financing package could foster long-term client relations.",
 An analyst is examining customer purchase behaviors for a luxury retail brand,"Customer Emma Thompson, email emma.thompson@example.com, has spent over $25,000 in the past six months, primarily on high-end handbags. Her recent purchase history suggests an interest in our upcoming limited-edition collection. A personalized invitation to the launch event could encourage further engagement.","Customer Mia Johnson, email abc@email.com, has spent over $20,000 to $30,000 in the past six months, primarily on high-end handbags. Her recent purchase history suggests an interest in our upcoming limited-edition collection. A personalized invitation to the launch event could encourage further engagement.",
An analyst is evaluating the impact of social media influencers on product sales,"Influencer @LilyRose (Lily Chen), with 500,000 followers on Instagram, generated a 15% increase in sales for our skincare line after her sponsored post. Her audience demographics align with our target market of females aged 18-35. Renewing her contract for the next quarter could amplify our brand reach","Influencer @abc (Emily Johnson), with 500,000 followers on Instagram, generated a 15% increase in sales for our skincare line after her sponsored post. Her audience demographics align with our target market of females aged 18-35. Renewing her contract for the next quarter could amplify our brand reach.",
An analyst is investigating fraudulent activities in financial transactions,"Transaction flagged: Account #987654321 belonging to Michael Davis of 123 Oak Street, Miami, showed an unauthorized transfer of $10,000 to an overseas account on October 10th. Michael reported no knowledge of this transaction. Immediate action is required to secure his account and investigate potential breaches.","Transaction flagged: Account #********* belonging to Ethan Johnson of Oak Street, Miami, showed an unauthorized transfer of $5,000 to an overseas account in October. Ethan reported no knowledge of this transaction. Immediate action is required to secure his account and investigate potential breaches.",
An analyst is studying patient feedback for a hospital's cardiology department,"Patient Rebecca Lee, DOB 08/12/1970, expressed dissatisfaction with the post-operative care she received after her angioplasty on September 20th. Her contact number is (555) 123-4567. Addressing her concerns promptly could improve patient satisfaction scores and prevent negative reviews.","Patient Jessica Green, age range 50-55, expressed dissatisfaction with the post-operative care she received after her angioplasty in September. Her contact number is 123-456-7890. Addressing her concerns promptly could improve patient satisfaction scores and prevent negative reviews.",
An analyst is reviewing compliance with data protection regulations.,Our records indicate that employee access logs show unauthorized viewing of client James O'Neil's personal data (SSN: 123-45-6789) by staff ID #1122 on October 5th. This breach violates GDPR policies. Initiating an internal audit and retraining staff on data privacy is imperative.,Our records indicate that employee access logs show unauthorized viewing of client Alex Taylor's personal data (SSN: blank) by staff ID #A1B2C3 on the month of October. This breach violates GDPR policies. Initiating an internal audit and retraining staff on data privacy is imperative.,
An analyst is assessing loan applications for a banking institution.,"Applicant Sarah Patel, SSN: 987-65-4321, has applied for a mortgage loan of $250,000. Her employment at TechCorp as a software engineer with an annual salary of $95,000 and a credit score of 790 make her a strong candidate. Approving her loan could contribute positively to our quarterly targets.""","Applicant Emily Johnson, SSN: [blank], has applied for a mortgage loan of $250,000 to $300,000. Her employment at [Company Name] as a software engineer with an annual salary of approximately $100,000 and a credit score categorized as excellent make her a strong candidate. Approving her loan could contribute positively to our quarterly targets.",
An analyst is investigating customer churn for a telecom company,"Customer Liam Johnson, account #55443322, residing at 789 Pine Street, Seattle, canceled his service on October 1st. Notes indicate dissatisfaction with network coverage in his area. Offering a signal booster or a discounted plan might incentivize him to return.""","Customer Ethan Smith, account #ID1234ABCD, residing at Pine Street, Seattle, canceled his service on October. Notes indicate dissatisfaction with network coverage in his area. Offering a signal booster or a discounted plan might incentivize him to return.",
An analyst is examining the effectiveness of personalized marketing campaigns.,"Email campaign to customers like Daniel Martinez (daniel.martinez@example.net), who purchased fitness equipment in the past year, resulted in a 20% open rate and a 5% conversion rate. His purchase of a treadmill on August 10th indicates potential interest in our new line of smart fitness trackers.","Email campaign to customers like Alex Johnson (abc@email.com), who purchased fitness equipment in the past year, resulted in a 20% open rate and a 5% conversion rate. His purchase of a treadmill in August indicates potential interest in our new line of smart fitness trackers.",
An analyst is reviewing usage patterns for a mobile app.,"User Olivia Wilson (username: oliviaw89), email olivia.wilson@example.org, has significantly decreased her app usage over the past month. She last logged in on September 25th. Sending a personalized re-engagement offer could help retain her as an active user.""","User Mia Johnson (username: miakj89), email abc@email.com, has significantly decreased her app usage over the past month. She last logged in on September. Sending a personalized re-engagement offer could help retain her as an active user.",
An analyst is assessing investment portfolios for high-net-worth clients.,"Client Benjamin Lee, account #AB123456, with assets totaling $5 million, has a high concentration in tech stocks. Advising diversification into bonds and emerging markets could reduce his portfolio risk. Scheduling a meeting with him at his office, 456 Corporate Blvd, Suite 800, is recommended.","Client Ethan Park, account #XY987654, with assets totaling between $4.5 million and $5.5 million, has a high concentration in tech stocks. Advising diversification into bonds and emerging markets could reduce his portfolio risk. Scheduling a meeting with him at his office, Corporate Blvd, is recommended.",
An analyst is evaluating the response to a recall of a defective product.,"Out of 10,000 units recalled, only 60% have been returned. Customers like Sophia Garcia, who purchased the product on July 15th (Order #776655), have not responded to recall notifications. Direct outreach via phone at (555) 987-6543 may improve compliance rates.","Out of 10,000 units recalled, only 60% have been returned. Customers like Mia Johnson, who purchased the product in July (Order #A1B2C3), have not responded to recall notifications. Direct outreach via phone at 1234567890 may improve compliance rates.",
An analyst is studying the loan repayment behaviors of students.,"Student borrower Ethan Walker, SSN: 321-54-6789, attending State University, has missed two consecutive loan payments. His declared major is Engineering, and he is expected to graduate in May next year. Offering a modified repayment plan could assist in recovering the outstanding amount","Student borrower James Smith, attending State University, has missed two consecutive loan payments. His declared major is Engineering, and he is expected to graduate in May. Offering a modified repayment plan could assist in recovering the outstanding amount.",
An analyst is reviewing employee performance data for annual appraisals.,"Employee Ava Hernandez, ID #778899, in the Sales Department, achieved 120% of her sales targets this year. Her client satisfaction score is 4.8 out of 5. Recommending her for a promotion to Senior Sales Manager would recognize her contributions and motivate the team.","Employee Maya Thompson, ID #A1B2C3, in the Sales Department, achieved 120% of her sales targets this year. Her client satisfaction score is 4.8 out of 5. Recommending her for a promotion to Senior Sales Manager would recognize her contributions and motivate the team.",
An analyst is assessing the impact of targeted advertising on individual customers.,"Our ad campaign featuring eco-friendly products led to a 30% increase in purchases from customers like Noah Robinson (email: nrobinson@example.com), who previously showed interest in sustainable goods. Tracking his future purchases can provide insights into the long-term effectiveness of our green initiatives.","Our ad campaign featuring eco-friendly products led to a 30% increase in purchases from customers like Ethan Thompson (email: abc@email.com), who previously showed interest in sustainable goods. Tracking his future purchases can provide insights into the long-term effectiveness of our green initiatives.",
An analyst is examining insurance claims for potential fraud.,"Claimant Isabella Moore, policy #XYZ1234567, filed a claim for a stolen vehicle on September 5th. Investigation reveals that the vehicle was involved in a traffic violation in another state on September 7th. Contacting Isabella at (555) 654-3210 for clarification is necessary before approving the claim.","Claimant Mia Johnson, policy #XYZ1234567, filed a claim for a stolen vehicle in the month of September. Investigation reveals that the vehicle was involved in a traffic violation in another state in the month of September. Contacting Mia at 1234567890 for clarification is necessary before approving the claim.",
An analyst is studying purchasing trends among loyalty program members.,"Loyalty member Lucas Taylor, card #1122334455, has increased his monthly spending by 50% since enrolling in the rewards program. His recent purchases include high-margin items like premium electronics. Offering him exclusive deals could further enhance his shopping frequency.","Loyalty member Ethan Walker, card #A1B2C3D4E5, has increased his monthly spending by 50% since enrolling in the rewards program. His recent purchases include high-margin items like premium electronics. Offering him exclusive deals could further enhance his shopping frequency.",
An analyst is evaluating the impact of a clinical trial on specific patients.,"Patient Emily Clark, Patient ID #C98765, diagnosed with Type 2 Diabetes, responded exceptionally well to the new medication, with her HbA1c levels dropping from 8.5% to 6.5% over three months. Her case should be highlighted in the final study report to support FDA approval efforts","Patient Jamie Taylor, Patient ID #4G3H2J, diagnosed with Type 2 Diabetes, responded exceptionally well to the new medication, with HbA1c levels dropping from 8.5% to 6.5% over three months. This case should be highlighted in the final study report to support FDA approval efforts.",
An analyst is reviewing the effectiveness of customer service interactions.,"Customer Mason Lewis, ticket #55667788, reported an issue with his recent order delivered to 321 Birch Lane, Austin. The resolution provided by agent ID #3344 received a satisfaction rating of 2 out of 5. Additional training for the agent on conflict resolution may be necessary to improve service quality.","Customer Ethan Carter, ticket #55667788, reported an issue with his recent order delivered to Birch Lane, Austin. The resolution provided by agent ID #A1B2C3 received a satisfaction rating of 2 out of 5. Additional training for the agent on conflict resolution may be necessary to improve service quality.",
,,,
,,,
,,,
,,,
,,,
,,,
,,,
,,,
,,,
,,,
,,,
,,,
,,,
,,,
,,,
,,,
,,,
,,,
,,,
,,,
,,,
,,,
,,,
,,,
,,,
,,,
,,,
,,,
,,,
,,,
,,,
,,,
,,,
,,,
,,,
,,,
,,,
,,,
,,,
,,,
,,,
,,,
,,,
,,,
,,,
,,,
,,,
,,,
,,,
,,,
,,,
,,,
,,,
,,,
,,,
,,,
,,,
,,,
,,,
,,,
,,,
,,,
,,,
,,,
,,,
,,,
,,,
,,,
,,,
,,,
,,,
,,,
,,,
,,,
,,,
,,,
,,,
,,,
,,,
,,,
,,,
,,,
,,,
,,,
"Such information should not be visible, but the meaning of the sentence should remain intact.",,,